[
    {
        "Channel": "ARY",
        "URL": "https://youtu.be/jIZKQxdPnB4?feature=shared",
        "Named as": "2024-10-08_11-54-32",
        "Audio Metadata": {
            "Audio File Name": "ARY_News_9_PM_Prime_Time_Headlines_31st_July_2024_",
            "Audio File Duration": "00:19:39",
            "Published Date": "2024-07-30"
        },
        "chunks": {
            "chunk_0": {
                "filePath": "D:\\FYP-Development\\Backend\\fypbackend\\media\\chunks/ARY_2024-10-08_11-54-32_Document\\chunk_1.txt"
            },
            "chunk_1": {
                "filePath": "D:\\FYP-Development\\Backend\\fypbackend\\media\\chunks/ARY_2024-10-08_11-54-32_Document\\chunk_2.txt"
            },
            "chunk_2": {
                "filePath": "D:\\FYP-Development\\Backend\\fypbackend\\media\\chunks/ARY_2024-10-08_11-54-32_Document\\chunk_3.txt"
            }
        }
    },
    {
        "Channel": "ARY",
        "URL": "https://youtu.be/A8ZabCVvfiI?feature=shared",
        "Named as": "2024-10-08_11-55-36",
        "Audio Metadata": {
            "Audio File Name": "ARY_News_9_PM_Headlines_5th_July_2024_Prime_Time_Headlines",
            "Audio File Duration": "00:17:49",
            "Published Date": "2024-07-04"
        },
        "chunks": {
            "chunk_0": {
                "filePath": "D:\\FYP-Development\\Backend\\fypbackend\\media\\chunks/ARY_2024-10-08_11-55-36_Document\\chunk_1.txt"
            },
            "chunk_1": {
                "filePath": "D:\\FYP-Development\\Backend\\fypbackend\\media\\chunks/ARY_2024-10-08_11-55-36_Document\\chunk_2.txt"
            },
            "chunk_2": {
                "filePath": "D:\\FYP-Development\\Backend\\fypbackend\\media\\chunks/ARY_2024-10-08_11-55-36_Document\\chunk_3.txt"
            }
        }
    },
    {
        "Channel": "ARY",
        "URL": "https://youtu.be/ymVAJyQ1bg4?feature=shared",
        "Named as": "2024-10-08_11-56-20",
        "Audio Metadata": {
            "Audio File Name": "ARY_News_9_PM_Headlines_10th_July_2024_Prime_Time_Headlines",
            "Audio File Duration": "00:18:02",
            "Published Date": "2024-07-09"
        },
        "chunks": {
            "chunk_0": {
                "filePath": "D:\\FYP-Development\\Backend\\fypbackend\\media\\chunks/ARY_2024-10-08_11-56-20_Document\\chunk_1.txt"
            },
            "chunk_1": {
                "filePath": "D:\\FYP-Development\\Backend\\fypbackend\\media\\chunks/ARY_2024-10-08_11-56-20_Document\\chunk_2.txt"
            },
            "chunk_2": {
                "filePath": "D:\\FYP-Development\\Backend\\fypbackend\\media\\chunks/ARY_2024-10-08_11-56-20_Document\\chunk_3.txt"
            }
        }
    },
    {
        "Channel": "ARY",
        "URL": "https://youtu.be/D8dIzVnJhA0?si=h36ld4OxIV0eIgYm",
        "Named as": "2024-10-08_12-02-56",
        "Audio Metadata": {
            "Audio File Name": "The_Reporters_Khawar_Ghumman_Chaudhry_Ghulam_Hussain_ARY_News_6th_May_2024",
            "Audio File Duration": "00:36:46",
            "Published Date": "2024-05-05"
        },
        "chunks": {
            "chunk_0": {
                "filePath": "D:\\FYP-Development\\Backend\\fypbackend\\media\\chunks/ARY_2024-10-08_12-02-56_Document\\chunk_1.txt"
            },
            "chunk_1": {
                "filePath": "D:\\FYP-Development\\Backend\\fypbackend\\media\\chunks/ARY_2024-10-08_12-02-56_Document\\chunk_2.txt"
            },
            "chunk_2": {
                "filePath": "D:\\FYP-Development\\Backend\\fypbackend\\media\\chunks/ARY_2024-10-08_12-02-56_Document\\chunk_3.txt"
            },
            "chunk_3": {
                "filePath": "D:\\FYP-Development\\Backend\\fypbackend\\media\\chunks/ARY_2024-10-08_12-02-56_Document\\chunk_4.txt"
            },
            "chunk_4": {
                "filePath": "D:\\FYP-Development\\Backend\\fypbackend\\media\\chunks/ARY_2024-10-08_12-02-56_Document\\chunk_5.txt"
            },
            "chunk_5": {
                "filePath": "D:\\FYP-Development\\Backend\\fypbackend\\media\\chunks/ARY_2024-10-08_12-02-56_Document\\chunk_6.txt"
            },
            "chunk_6": {
                "filePath": "D:\\FYP-Development\\Backend\\fypbackend\\media\\chunks/ARY_2024-10-08_12-02-56_Document\\chunk_7.txt"
            }
        }
    },
    {
        "Channel": "ARY",
        "URL": "https://youtu.be/uE8yzhxMQqc?si=XJTYw_l51hKwfegh",
        "Named as": "2024-10-08_12-27-56",
        "Audio Metadata": {
            "Audio File Name": "KHABAR_Meher_Bokhari_Kay_Saath_ARY_News_7th_May_2024",
            "Audio File Duration": "00:38:36",
            "Published Date": "2024-05-06"
        },
        "chunks": {
            "chunk_0": {
                "filePath": "D:\\FYP-Development\\Backend\\fypbackend\\media\\chunks/ARY_2024-10-08_12-27-56_Document\\chunk_1.txt"
            },
            "chunk_1": {
                "filePath": "D:\\FYP-Development\\Backend\\fypbackend\\media\\chunks/ARY_2024-10-08_12-27-56_Document\\chunk_2.txt"
            },
            "chunk_2": {
                "filePath": "D:\\FYP-Development\\Backend\\fypbackend\\media\\chunks/ARY_2024-10-08_12-27-56_Document\\chunk_3.txt"
            },
            "chunk_3": {
                "filePath": "D:\\FYP-Development\\Backend\\fypbackend\\media\\chunks/ARY_2024-10-08_12-27-56_Document\\chunk_4.txt"
            },
            "chunk_4": {
                "filePath": "D:\\FYP-Development\\Backend\\fypbackend\\media\\chunks/ARY_2024-10-08_12-27-56_Document\\chunk_5.txt"
            },
            "chunk_5": {
                "filePath": "D:\\FYP-Development\\Backend\\fypbackend\\media\\chunks/ARY_2024-10-08_12-27-56_Document\\chunk_6.txt"
            },
            "chunk_6": {
                "filePath": "D:\\FYP-Development\\Backend\\fypbackend\\media\\chunks/ARY_2024-10-08_12-27-56_Document\\chunk_7.txt"
            },
            "chunk_7": {
                "filePath": "D:\\FYP-Development\\Backend\\fypbackend\\media\\chunks/ARY_2024-10-08_12-27-56_Document\\chunk_8.txt"
            }
        }
    },
    {
        "Channel": "Dawn",
        "URL": "https://youtu.be/jnDPFXbKa2E?si=0PJgTXsoPKw2BgMD",
        "Named as": "2024-10-08_12-35-24",
        "Audio Metadata": {
            "Audio File Name": "Is_The_Aggressive_Behavior_of_PTI_Leaders_An_Obstacle_To_Negotiations_Live_With_Adil_Shahzeb",
            "Audio File Duration": "00:40:43",
            "Published Date": "2024-05-21"
        },
        "chunks": {
            "chunk_0": {
                "filePath": "D:\\FYP-Development\\Backend\\fypbackend\\media\\chunks/Dawn_2024-10-08_12-35-24_Document\\chunk_1.txt"
            },
            "chunk_1": {
                "filePath": "D:\\FYP-Development\\Backend\\fypbackend\\media\\chunks/Dawn_2024-10-08_12-35-24_Document\\chunk_2.txt"
            },
            "chunk_2": {
                "filePath": "D:\\FYP-Development\\Backend\\fypbackend\\media\\chunks/Dawn_2024-10-08_12-35-24_Document\\chunk_3.txt"
            },
            "chunk_3": {
                "filePath": "D:\\FYP-Development\\Backend\\fypbackend\\media\\chunks/Dawn_2024-10-08_12-35-24_Document\\chunk_4.txt"
            },
            "chunk_4": {
                "filePath": "D:\\FYP-Development\\Backend\\fypbackend\\media\\chunks/Dawn_2024-10-08_12-35-24_Document\\chunk_5.txt"
            },
            "chunk_5": {
                "filePath": "D:\\FYP-Development\\Backend\\fypbackend\\media\\chunks/Dawn_2024-10-08_12-35-24_Document\\chunk_6.txt"
            },
            "chunk_6": {
                "filePath": "D:\\FYP-Development\\Backend\\fypbackend\\media\\chunks/Dawn_2024-10-08_12-35-24_Document\\chunk_7.txt"
            },
            "chunk_7": {
                "filePath": "D:\\FYP-Development\\Backend\\fypbackend\\media\\chunks/Dawn_2024-10-08_12-35-24_Document\\chunk_8.txt"
            }
        }
    },
    {
        "Channel": "Dawn",
        "URL": "https://youtu.be/veSjPIDZk_0?si=ugEiNsnHLk_G9ZCb",
        "Named as": "2024-10-08_12-36-20",
        "Audio Metadata": {
            "Audio File Name": "Iranian_President_s_Helicopter_Was_a_Victim_of_An_Accident_or_a_Conspiracy_Dawn_News",
            "Audio File Duration": "00:40:04",
            "Published Date": "2024-05-19"
        },
        "chunks": {
            "chunk_0": {
                "filePath": "D:\\FYP-Development\\Backend\\fypbackend\\media\\chunks/Dawn_2024-10-08_12-36-20_Document\\chunk_1.txt"
            },
            "chunk_1": {
                "filePath": "D:\\FYP-Development\\Backend\\fypbackend\\media\\chunks/Dawn_2024-10-08_12-36-20_Document\\chunk_2.txt"
            },
            "chunk_2": {
                "filePath": "D:\\FYP-Development\\Backend\\fypbackend\\media\\chunks/Dawn_2024-10-08_12-36-20_Document\\chunk_3.txt"
            },
            "chunk_3": {
                "filePath": "D:\\FYP-Development\\Backend\\fypbackend\\media\\chunks/Dawn_2024-10-08_12-36-20_Document\\chunk_4.txt"
            },
            "chunk_4": {
                "filePath": "D:\\FYP-Development\\Backend\\fypbackend\\media\\chunks/Dawn_2024-10-08_12-36-20_Document\\chunk_5.txt"
            },
            "chunk_5": {
                "filePath": "D:\\FYP-Development\\Backend\\fypbackend\\media\\chunks/Dawn_2024-10-08_12-36-20_Document\\chunk_6.txt"
            },
            "chunk_6": {
                "filePath": "D:\\FYP-Development\\Backend\\fypbackend\\media\\chunks/Dawn_2024-10-08_12-36-20_Document\\chunk_7.txt"
            }
        }
    },
    {
        "Channel": "Dunya",
        "URL": "https://youtu.be/tm16TP1cFls?si=9nU3LQ8_ON1VBth2",
        "Named as": "2024-10-08_12-07-35",
        "Audio Metadata": {
            "Audio File Name": "Nuqta_e_Nazar_With_Mujeeb_Ur_Rehman_Shami_Salman_Hassan_13_MAY_2024_Dunya_News",
            "Audio File Duration": "00:31:01",
            "Published Date": "2024-05-12"
        },
        "chunks": {
            "chunk_0": {
                "filePath": "D:\\FYP-Development\\Backend\\fypbackend\\media\\chunks/Dunya_2024-10-08_12-07-35_Document\\chunk_1.txt"
            },
            "chunk_1": {
                "filePath": "D:\\FYP-Development\\Backend\\fypbackend\\media\\chunks/Dunya_2024-10-08_12-07-35_Document\\chunk_2.txt"
            },
            "chunk_2": {
                "filePath": "D:\\FYP-Development\\Backend\\fypbackend\\media\\chunks/Dunya_2024-10-08_12-07-35_Document\\chunk_3.txt"
            },
            "chunk_3": {
                "filePath": "D:\\FYP-Development\\Backend\\fypbackend\\media\\chunks/Dunya_2024-10-08_12-07-35_Document\\chunk_4.txt"
            },
            "chunk_4": {
                "filePath": "D:\\FYP-Development\\Backend\\fypbackend\\media\\chunks/Dunya_2024-10-08_12-07-35_Document\\chunk_5.txt"
            },
            "chunk_5": {
                "filePath": "D:\\FYP-Development\\Backend\\fypbackend\\media\\chunks/Dunya_2024-10-08_12-07-35_Document\\chunk_6.txt"
            }
        }
    },
    {
        "Channel": "Dunya",
        "URL": "https://youtu.be/xBKaYBNHACM?si=bqfY8rEpaoOJfVp5",
        "Named as": "2024-10-08_12-08-04",
        "Audio Metadata": {
            "Audio File Name": "Nuqta_e_Nazar_With_Mujeeb_Ur_Rehman_Shami_Salman_Hassan_16_MAY_2024_Dunya_News",
            "Audio File Duration": "00:38:39",
            "Published Date": "2024-05-15"
        },
        "chunks": {
            "chunk_0": {
                "filePath": "D:\\FYP-Development\\Backend\\fypbackend\\media\\chunks/Dunya_2024-10-08_12-08-04_Document\\chunk_1.txt"
            },
            "chunk_1": {
                "filePath": "D:\\FYP-Development\\Backend\\fypbackend\\media\\chunks/Dunya_2024-10-08_12-08-04_Document\\chunk_2.txt"
            },
            "chunk_2": {
                "filePath": "D:\\FYP-Development\\Backend\\fypbackend\\media\\chunks/Dunya_2024-10-08_12-08-04_Document\\chunk_3.txt"
            },
            "chunk_3": {
                "filePath": "D:\\FYP-Development\\Backend\\fypbackend\\media\\chunks/Dunya_2024-10-08_12-08-04_Document\\chunk_4.txt"
            },
            "chunk_4": {
                "filePath": "D:\\FYP-Development\\Backend\\fypbackend\\media\\chunks/Dunya_2024-10-08_12-08-04_Document\\chunk_5.txt"
            },
            "chunk_5": {
                "filePath": "D:\\FYP-Development\\Backend\\fypbackend\\media\\chunks/Dunya_2024-10-08_12-08-04_Document\\chunk_6.txt"
            },
            "chunk_6": {
                "filePath": "D:\\FYP-Development\\Backend\\fypbackend\\media\\chunks/Dunya_2024-10-08_12-08-04_Document\\chunk_7.txt"
            }
        }
    },
    {
        "Channel": "Dunya",
        "URL": "https://youtu.be/XZ66hdRxEvo?si=ervPuDIRtBGWTzW8",
        "Named as": "2024-10-08_12-11-18",
        "Audio Metadata": {
            "Audio File Name": "Think_Tank_Rasheed_Safi_Hasan_Askari_Salman_Ghani_Rasool_Bakhsh_26_MAY_2024_Dunya_News",
            "Audio File Duration": "00:33:36",
            "Published Date": "2024-05-25"
        },
        "chunks": {
            "chunk_0": {
                "filePath": "D:\\FYP-Development\\Backend\\fypbackend\\media\\chunks/Dunya_2024-10-08_12-11-18_Document\\chunk_1.txt"
            },
            "chunk_1": {
                "filePath": "D:\\FYP-Development\\Backend\\fypbackend\\media\\chunks/Dunya_2024-10-08_12-11-18_Document\\chunk_2.txt"
            },
            "chunk_2": {
                "filePath": "D:\\FYP-Development\\Backend\\fypbackend\\media\\chunks/Dunya_2024-10-08_12-11-18_Document\\chunk_3.txt"
            },
            "chunk_3": {
                "filePath": "D:\\FYP-Development\\Backend\\fypbackend\\media\\chunks/Dunya_2024-10-08_12-11-18_Document\\chunk_4.txt"
            },
            "chunk_4": {
                "filePath": "D:\\FYP-Development\\Backend\\fypbackend\\media\\chunks/Dunya_2024-10-08_12-11-18_Document\\chunk_5.txt"
            },
            "chunk_5": {
                "filePath": "D:\\FYP-Development\\Backend\\fypbackend\\media\\chunks/Dunya_2024-10-08_12-11-18_Document\\chunk_6.txt"
            }
        }
    },
    {
        "Channel": "Dunya",
        "URL": "https://youtu.be/eaMiDiqpzuk?si=kAq7FKgsoyyVWcVJ",
        "Named as": "2024-10-08_12-22-58",
        "Audio Metadata": {
            "Audio File Name": "Dunya_Kamran_Khan_Kay_Sath_02_May_2024_Dunya_News",
            "Audio File Duration": "00:34:04",
            "Published Date": "2024-05-02"
        },
        "chunks": {
            "chunk_0": {
                "filePath": "D:\\FYP-Development\\Backend\\fypbackend\\media\\chunks/Dunya_2024-10-08_12-22-58_Document\\chunk_1.txt"
            },
            "chunk_1": {
                "filePath": "D:\\FYP-Development\\Backend\\fypbackend\\media\\chunks/Dunya_2024-10-08_12-22-58_Document\\chunk_2.txt"
            },
            "chunk_2": {
                "filePath": "D:\\FYP-Development\\Backend\\fypbackend\\media\\chunks/Dunya_2024-10-08_12-22-58_Document\\chunk_3.txt"
            },
            "chunk_3": {
                "filePath": "D:\\FYP-Development\\Backend\\fypbackend\\media\\chunks/Dunya_2024-10-08_12-22-58_Document\\chunk_4.txt"
            },
            "chunk_4": {
                "filePath": "D:\\FYP-Development\\Backend\\fypbackend\\media\\chunks/Dunya_2024-10-08_12-22-58_Document\\chunk_5.txt"
            },
            "chunk_5": {
                "filePath": "D:\\FYP-Development\\Backend\\fypbackend\\media\\chunks/Dunya_2024-10-08_12-22-58_Document\\chunk_6.txt"
            },
            "chunk_6": {
                "filePath": "D:\\FYP-Development\\Backend\\fypbackend\\media\\chunks/Dunya_2024-10-08_12-22-58_Document\\chunk_7.txt"
            }
        }
    },
    {
        "Channel": "Dunya",
        "URL": "https://youtu.be/o65u7uArL9g?si=V-c4l0oalhIorTmT",
        "Named as": "2024-10-08_12-23-52",
        "Audio Metadata": {
            "Audio File Name": "Think_Tank_Rasheed_Safi_Hasan_Askari_Salman_Ghani_Rasool_Bakhsh_03_MAY_2024_Dunya_News",
            "Audio File Duration": "00:34:31",
            "Published Date": "2024-05-02"
        },
        "chunks": {
            "chunk_0": {
                "filePath": "D:\\FYP-Development\\Backend\\fypbackend\\media\\chunks/Dunya_2024-10-08_12-23-52_Document\\chunk_1.txt"
            },
            "chunk_1": {
                "filePath": "D:\\FYP-Development\\Backend\\fypbackend\\media\\chunks/Dunya_2024-10-08_12-23-52_Document\\chunk_2.txt"
            },
            "chunk_2": {
                "filePath": "D:\\FYP-Development\\Backend\\fypbackend\\media\\chunks/Dunya_2024-10-08_12-23-52_Document\\chunk_3.txt"
            },
            "chunk_3": {
                "filePath": "D:\\FYP-Development\\Backend\\fypbackend\\media\\chunks/Dunya_2024-10-08_12-23-52_Document\\chunk_4.txt"
            },
            "chunk_4": {
                "filePath": "D:\\FYP-Development\\Backend\\fypbackend\\media\\chunks/Dunya_2024-10-08_12-23-52_Document\\chunk_5.txt"
            },
            "chunk_5": {
                "filePath": "D:\\FYP-Development\\Backend\\fypbackend\\media\\chunks/Dunya_2024-10-08_12-23-52_Document\\chunk_6.txt"
            },
            "chunk_6": {
                "filePath": "D:\\FYP-Development\\Backend\\fypbackend\\media\\chunks/Dunya_2024-10-08_12-23-52_Document\\chunk_7.txt"
            }
        }
    },
    {
        "Channel": "Dunya",
        "URL": "https://youtu.be/ywSM7FLpsF8?si=Fq1v97VAeSc7hJ7_",
        "Named as": "2024-10-08_12-25-20",
        "Audio Metadata": {
            "Audio File Name": "On_The_Front_With_Kamran_Shahid_08_MAY_2024_Dunya_News",
            "Audio File Duration": "00:32:19",
            "Published Date": "2024-05-07"
        },
        "chunks": {
            "chunk_0": {
                "filePath": "D:\\FYP-Development\\Backend\\fypbackend\\media\\chunks/Dunya_2024-10-08_12-25-20_Document\\chunk_1.txt"
            },
            "chunk_1": {
                "filePath": "D:\\FYP-Development\\Backend\\fypbackend\\media\\chunks/Dunya_2024-10-08_12-25-20_Document\\chunk_2.txt"
            },
            "chunk_2": {
                "filePath": "D:\\FYP-Development\\Backend\\fypbackend\\media\\chunks/Dunya_2024-10-08_12-25-20_Document\\chunk_3.txt"
            },
            "chunk_3": {
                "filePath": "D:\\FYP-Development\\Backend\\fypbackend\\media\\chunks/Dunya_2024-10-08_12-25-20_Document\\chunk_4.txt"
            },
            "chunk_4": {
                "filePath": "D:\\FYP-Development\\Backend\\fypbackend\\media\\chunks/Dunya_2024-10-08_12-25-20_Document\\chunk_5.txt"
            },
            "chunk_5": {
                "filePath": "D:\\FYP-Development\\Backend\\fypbackend\\media\\chunks/Dunya_2024-10-08_12-25-20_Document\\chunk_6.txt"
            },
            "chunk_6": {
                "filePath": "D:\\FYP-Development\\Backend\\fypbackend\\media\\chunks/Dunya_2024-10-08_12-25-20_Document\\chunk_7.txt"
            }
        }
    },
    {
        "Channel": "Express",
        "URL": "https://youtu.be/_i8vytbpAOY?si=YlmMbc0loVgCe3ZD",
        "Named as": "2024-10-08_12-09-49",
        "Audio Metadata": {
            "Audio File Name": "Kal_Tak_With_Javed_Chaudhry_Muneeb_Farooq_28_May_2024_Express_News",
            "Audio File Duration": "00:36:19",
            "Published Date": "2024-05-27"
        },
        "chunks": {
            "chunk_0": {
                "filePath": "D:\\FYP-Development\\Backend\\fypbackend\\media\\chunks/Express_2024-10-08_12-09-49_Document\\chunk_1.txt"
            },
            "chunk_1": {
                "filePath": "D:\\FYP-Development\\Backend\\fypbackend\\media\\chunks/Express_2024-10-08_12-09-49_Document\\chunk_2.txt"
            },
            "chunk_2": {
                "filePath": "D:\\FYP-Development\\Backend\\fypbackend\\media\\chunks/Express_2024-10-08_12-09-49_Document\\chunk_3.txt"
            },
            "chunk_3": {
                "filePath": "D:\\FYP-Development\\Backend\\fypbackend\\media\\chunks/Express_2024-10-08_12-09-49_Document\\chunk_4.txt"
            },
            "chunk_4": {
                "filePath": "D:\\FYP-Development\\Backend\\fypbackend\\media\\chunks/Express_2024-10-08_12-09-49_Document\\chunk_5.txt"
            },
            "chunk_5": {
                "filePath": "D:\\FYP-Development\\Backend\\fypbackend\\media\\chunks/Express_2024-10-08_12-09-49_Document\\chunk_6.txt"
            }
        }
    },
    {
        "Channel": "Geo",
        "URL": "https://youtu.be/d3OQkUBoUFE?si=cXJMxyrS6xp5yBqF",
        "Named as": "2024-10-08_12-31-32",
        "Audio Metadata": {
            "Audio File Name": "Big_Disaster_from_Artificial_Intelligence_AI_Professor_Dr_Khalid_Hafeez_Jirga_Saleem_Safi",
            "Audio File Duration": "00:38:17",
            "Published Date": "2024-05-18"
        },
        "chunks": {
            "chunk_0": {
                "filePath": "D:\\FYP-Development\\Backend\\fypbackend\\media\\chunks/Geo_2024-10-08_12-31-32_Document\\chunk_1.txt"
            },
            "chunk_1": {
                "filePath": "D:\\FYP-Development\\Backend\\fypbackend\\media\\chunks/Geo_2024-10-08_12-31-32_Document\\chunk_2.txt"
            },
            "chunk_2": {
                "filePath": "D:\\FYP-Development\\Backend\\fypbackend\\media\\chunks/Geo_2024-10-08_12-31-32_Document\\chunk_3.txt"
            },
            "chunk_3": {
                "filePath": "D:\\FYP-Development\\Backend\\fypbackend\\media\\chunks/Geo_2024-10-08_12-31-32_Document\\chunk_4.txt"
            },
            "chunk_4": {
                "filePath": "D:\\FYP-Development\\Backend\\fypbackend\\media\\chunks/Geo_2024-10-08_12-31-32_Document\\chunk_5.txt"
            },
            "chunk_5": {
                "filePath": "D:\\FYP-Development\\Backend\\fypbackend\\media\\chunks/Geo_2024-10-08_12-31-32_Document\\chunk_6.txt"
            },
            "chunk_6": {
                "filePath": "D:\\FYP-Development\\Backend\\fypbackend\\media\\chunks/Geo_2024-10-08_12-31-32_Document\\chunk_7.txt"
            },
            "chunk_7": {
                "filePath": "D:\\FYP-Development\\Backend\\fypbackend\\media\\chunks/Geo_2024-10-08_12-31-32_Document\\chunk_8.txt"
            }
        }
    },
    {
        "Channel": "Geo",
        "URL": "https://youtu.be/oLQFEMWeQCE?si=KjAPt79lww0QbGEl",
        "Named as": "2024-10-08_12-32-36",
        "Audio Metadata": {
            "Audio File Name": "China_agreed_for_CPEC_Phase_II_Government_want_to_ban_media_Ahsan_Iqbal_Big_Statement_Jirga",
            "Audio File Duration": "00:39:30",
            "Published Date": "2024-05-24"
        },
        "chunks": {
            "chunk_0": {
                "filePath": "D:\\FYP-Development\\Backend\\fypbackend\\media\\chunks/Geo_2024-10-08_12-32-36_Document\\chunk_1.txt"
            },
            "chunk_1": {
                "filePath": "D:\\FYP-Development\\Backend\\fypbackend\\media\\chunks/Geo_2024-10-08_12-32-36_Document\\chunk_2.txt"
            },
            "chunk_2": {
                "filePath": "D:\\FYP-Development\\Backend\\fypbackend\\media\\chunks/Geo_2024-10-08_12-32-36_Document\\chunk_3.txt"
            },
            "chunk_3": {
                "filePath": "D:\\FYP-Development\\Backend\\fypbackend\\media\\chunks/Geo_2024-10-08_12-32-36_Document\\chunk_4.txt"
            },
            "chunk_4": {
                "filePath": "D:\\FYP-Development\\Backend\\fypbackend\\media\\chunks/Geo_2024-10-08_12-32-36_Document\\chunk_5.txt"
            },
            "chunk_5": {
                "filePath": "D:\\FYP-Development\\Backend\\fypbackend\\media\\chunks/Geo_2024-10-08_12-32-36_Document\\chunk_6.txt"
            },
            "chunk_6": {
                "filePath": "D:\\FYP-Development\\Backend\\fypbackend\\media\\chunks/Geo_2024-10-08_12-32-36_Document\\chunk_7.txt"
            }
        }
    },
    {
        "Channel": "Geo",
        "URL": "https://youtu.be/NouROvVFsNw?si=V7zL5r7dirL-MJAP",
        "Named as": "2024-10-08_12-33-35",
        "Audio Metadata": {
            "Audio File Name": "Aaj_Shahzeb_Khanzada_Kay_Sath_Geo_News_21st_May_2024",
            "Audio File Duration": "00:40:07",
            "Published Date": "2024-05-20"
        },
        "chunks": {
            "chunk_0": {
                "filePath": "D:\\FYP-Development\\Backend\\fypbackend\\media\\chunks/Geo_2024-10-08_12-33-35_Document\\chunk_1.txt"
            },
            "chunk_1": {
                "filePath": "D:\\FYP-Development\\Backend\\fypbackend\\media\\chunks/Geo_2024-10-08_12-33-35_Document\\chunk_2.txt"
            },
            "chunk_2": {
                "filePath": "D:\\FYP-Development\\Backend\\fypbackend\\media\\chunks/Geo_2024-10-08_12-33-35_Document\\chunk_3.txt"
            },
            "chunk_3": {
                "filePath": "D:\\FYP-Development\\Backend\\fypbackend\\media\\chunks/Geo_2024-10-08_12-33-35_Document\\chunk_4.txt"
            },
            "chunk_4": {
                "filePath": "D:\\FYP-Development\\Backend\\fypbackend\\media\\chunks/Geo_2024-10-08_12-33-35_Document\\chunk_5.txt"
            },
            "chunk_5": {
                "filePath": "D:\\FYP-Development\\Backend\\fypbackend\\media\\chunks/Geo_2024-10-08_12-33-35_Document\\chunk_6.txt"
            },
            "chunk_6": {
                "filePath": "D:\\FYP-Development\\Backend\\fypbackend\\media\\chunks/Geo_2024-10-08_12-33-35_Document\\chunk_7.txt"
            },
            "chunk_7": {
                "filePath": "D:\\FYP-Development\\Backend\\fypbackend\\media\\chunks/Geo_2024-10-08_12-33-35_Document\\chunk_8.txt"
            },
            "chunk_8": {
                "filePath": "D:\\FYP-Development\\Backend\\fypbackend\\media\\chunks/Geo_2024-10-08_12-33-35_Document\\chunk_9.txt"
            }
        }
    },
    {
        "Channel": "GNN",
        "URL": "https://youtu.be/4-ltwyLMXbc?si=Ut6wqedjtwhBr9uL",
        "Named as": "2024-10-08_12-00-10",
        "Audio Metadata": {
            "Audio File Name": "LIVE_With_Dr_Shahid_Masood_Things_are_Getting_Worse_1st_MAY_2024_GNN",
            "Audio File Duration": "00:37:41",
            "Published Date": "2024-04-30"
        },
        "chunks": {
            "chunk_0": {
                "filePath": "D:\\FYP-Development\\Backend\\fypbackend\\media\\chunks/GNN_2024-10-08_12-00-10_Document\\chunk_1.txt"
            },
            "chunk_1": {
                "filePath": "D:\\FYP-Development\\Backend\\fypbackend\\media\\chunks/GNN_2024-10-08_12-00-10_Document\\chunk_2.txt"
            },
            "chunk_2": {
                "filePath": "D:\\FYP-Development\\Backend\\fypbackend\\media\\chunks/GNN_2024-10-08_12-00-10_Document\\chunk_3.txt"
            },
            "chunk_3": {
                "filePath": "D:\\FYP-Development\\Backend\\fypbackend\\media\\chunks/GNN_2024-10-08_12-00-10_Document\\chunk_4.txt"
            },
            "chunk_4": {
                "filePath": "D:\\FYP-Development\\Backend\\fypbackend\\media\\chunks/GNN_2024-10-08_12-00-10_Document\\chunk_5.txt"
            },
            "chunk_5": {
                "filePath": "D:\\FYP-Development\\Backend\\fypbackend\\media\\chunks/GNN_2024-10-08_12-00-10_Document\\chunk_6.txt"
            },
            "chunk_6": {
                "filePath": "D:\\FYP-Development\\Backend\\fypbackend\\media\\chunks/GNN_2024-10-08_12-00-10_Document\\chunk_7.txt"
            }
        }
    },
    {
        "Channel": "GNN",
        "URL": "https://youtu.be/FPCQGzGFOfY?si=DmvvdBDQgQugPPV2",
        "Named as": "2024-10-08_12-01-41",
        "Audio Metadata": {
            "Audio File Name": "LIVE_With_Dr_Shahid_Masood_Complicated_Situation_07_MAY_2024_GNN",
            "Audio File Duration": "00:37:22",
            "Published Date": "2024-05-06"
        },
        "chunks": {
            "chunk_0": {
                "filePath": "D:\\FYP-Development\\Backend\\fypbackend\\media\\chunks/GNN_2024-10-08_12-01-41_Document\\chunk_1.txt"
            },
            "chunk_1": {
                "filePath": "D:\\FYP-Development\\Backend\\fypbackend\\media\\chunks/GNN_2024-10-08_12-01-41_Document\\chunk_2.txt"
            },
            "chunk_2": {
                "filePath": "D:\\FYP-Development\\Backend\\fypbackend\\media\\chunks/GNN_2024-10-08_12-01-41_Document\\chunk_3.txt"
            },
            "chunk_3": {
                "filePath": "D:\\FYP-Development\\Backend\\fypbackend\\media\\chunks/GNN_2024-10-08_12-01-41_Document\\chunk_4.txt"
            },
            "chunk_4": {
                "filePath": "D:\\FYP-Development\\Backend\\fypbackend\\media\\chunks/GNN_2024-10-08_12-01-41_Document\\chunk_5.txt"
            },
            "chunk_5": {
                "filePath": "D:\\FYP-Development\\Backend\\fypbackend\\media\\chunks/GNN_2024-10-08_12-01-41_Document\\chunk_6.txt"
            },
            "chunk_6": {
                "filePath": "D:\\FYP-Development\\Backend\\fypbackend\\media\\chunks/GNN_2024-10-08_12-01-41_Document\\chunk_7.txt"
            }
        }
    },
    {
        "Channel": "GNN",
        "URL": "https://youtu.be/FPCQGzGFOfY?si=DmvvdBDQgQugPPV2",
        "Named as": "2024-10-08_12-29-06",
        "Audio Metadata": {
            "Audio File Name": "LIVE_With_Dr_Shahid_Masood_Complicated_Situation_07_MAY_2024_GNN",
            "Audio File Duration": "00:37:22",
            "Published Date": "2024-05-06"
        },
        "chunks": {
            "chunk_0": {
                "filePath": "D:\\FYP-Development\\Backend\\fypbackend\\media\\chunks/GNN_2024-10-08_12-29-06_Document\\chunk_1.txt"
            },
            "chunk_1": {
                "filePath": "D:\\FYP-Development\\Backend\\fypbackend\\media\\chunks/GNN_2024-10-08_12-29-06_Document\\chunk_2.txt"
            },
            "chunk_2": {
                "filePath": "D:\\FYP-Development\\Backend\\fypbackend\\media\\chunks/GNN_2024-10-08_12-29-06_Document\\chunk_3.txt"
            },
            "chunk_3": {
                "filePath": "D:\\FYP-Development\\Backend\\fypbackend\\media\\chunks/GNN_2024-10-08_12-29-06_Document\\chunk_4.txt"
            },
            "chunk_4": {
                "filePath": "D:\\FYP-Development\\Backend\\fypbackend\\media\\chunks/GNN_2024-10-08_12-29-06_Document\\chunk_5.txt"
            },
            "chunk_5": {
                "filePath": "D:\\FYP-Development\\Backend\\fypbackend\\media\\chunks/GNN_2024-10-08_12-29-06_Document\\chunk_6.txt"
            },
            "chunk_6": {
                "filePath": "D:\\FYP-Development\\Backend\\fypbackend\\media\\chunks/GNN_2024-10-08_12-29-06_Document\\chunk_7.txt"
            }
        }
    },
    {
        "Channel": "GNN",
        "URL": "https://youtu.be/dGht7RwVfDw?si=Klf1F7o58Us3nrAm",
        "Named as": "2024-10-08_12-29-42",
        "Audio Metadata": {
            "Audio File Name": "LIVE_With_Dr_Shahid_Masood_Then_Deadlock_05_MAY_2024_GNN",
            "Audio File Duration": "00:40:20",
            "Published Date": "2024-05-04"
        },
        "chunks": {
            "chunk_0": {
                "filePath": "D:\\FYP-Development\\Backend\\fypbackend\\media\\chunks/GNN_2024-10-08_12-29-42_Document\\chunk_1.txt"
            },
            "chunk_1": {
                "filePath": "D:\\FYP-Development\\Backend\\fypbackend\\media\\chunks/GNN_2024-10-08_12-29-42_Document\\chunk_2.txt"
            },
            "chunk_2": {
                "filePath": "D:\\FYP-Development\\Backend\\fypbackend\\media\\chunks/GNN_2024-10-08_12-29-42_Document\\chunk_3.txt"
            },
            "chunk_3": {
                "filePath": "D:\\FYP-Development\\Backend\\fypbackend\\media\\chunks/GNN_2024-10-08_12-29-42_Document\\chunk_4.txt"
            },
            "chunk_4": {
                "filePath": "D:\\FYP-Development\\Backend\\fypbackend\\media\\chunks/GNN_2024-10-08_12-29-42_Document\\chunk_5.txt"
            },
            "chunk_5": {
                "filePath": "D:\\FYP-Development\\Backend\\fypbackend\\media\\chunks/GNN_2024-10-08_12-29-42_Document\\chunk_6.txt"
            },
            "chunk_6": {
                "filePath": "D:\\FYP-Development\\Backend\\fypbackend\\media\\chunks/GNN_2024-10-08_12-29-42_Document\\chunk_7.txt"
            },
            "chunk_7": {
                "filePath": "D:\\FYP-Development\\Backend\\fypbackend\\media\\chunks/GNN_2024-10-08_12-29-42_Document\\chunk_8.txt"
            }
        }
    },
    {
        "Channel": "GNN",
        "URL": "https://youtu.be/AyL5dq22pEQ?si=7lak1bwUh2srwqW_",
        "Named as": "2024-10-08_12-30-12",
        "Audio Metadata": {
            "Audio File Name": "LIVE_With_Dr_Shahid_Masood_One_Big_War_06_MAY_2024_GNN",
            "Audio File Duration": "00:34:01",
            "Published Date": "2024-05-05"
        },
        "chunks": {
            "chunk_0": {
                "filePath": "D:\\FYP-Development\\Backend\\fypbackend\\media\\chunks/GNN_2024-10-08_12-30-12_Document\\chunk_1.txt"
            },
            "chunk_1": {
                "filePath": "D:\\FYP-Development\\Backend\\fypbackend\\media\\chunks/GNN_2024-10-08_12-30-12_Document\\chunk_2.txt"
            },
            "chunk_2": {
                "filePath": "D:\\FYP-Development\\Backend\\fypbackend\\media\\chunks/GNN_2024-10-08_12-30-12_Document\\chunk_3.txt"
            },
            "chunk_3": {
                "filePath": "D:\\FYP-Development\\Backend\\fypbackend\\media\\chunks/GNN_2024-10-08_12-30-12_Document\\chunk_4.txt"
            },
            "chunk_4": {
                "filePath": "D:\\FYP-Development\\Backend\\fypbackend\\media\\chunks/GNN_2024-10-08_12-30-12_Document\\chunk_5.txt"
            },
            "chunk_5": {
                "filePath": "D:\\FYP-Development\\Backend\\fypbackend\\media\\chunks/GNN_2024-10-08_12-30-12_Document\\chunk_6.txt"
            },
            "chunk_6": {
                "filePath": "D:\\FYP-Development\\Backend\\fypbackend\\media\\chunks/GNN_2024-10-08_12-30-12_Document\\chunk_7.txt"
            }
        }
    },
    {
        "Channel": "Samaa",
        "URL": "https://youtu.be/Ed11-eBQuAg?si=l1Bmm1x-fpUDPgee",
        "Named as": "2024-10-08_11-58-44",
        "Audio Metadata": {
            "Audio File Name": "Nadeem_Malik_Live_Program_Full_Program_Vawda_Revelation_New_Deal_ISB_Highcourt_Order_Samaa_TV",
            "Audio File Duration": "00:35:32",
            "Published Date": "2024-05-20"
        },
        "chunks": {
            "chunk_0": {
                "filePath": "D:\\FYP-Development\\Backend\\fypbackend\\media\\chunks/Samaa_2024-10-08_11-58-44_Document\\chunk_1.txt"
            },
            "chunk_1": {
                "filePath": "D:\\FYP-Development\\Backend\\fypbackend\\media\\chunks/Samaa_2024-10-08_11-58-44_Document\\chunk_2.txt"
            },
            "chunk_2": {
                "filePath": "D:\\FYP-Development\\Backend\\fypbackend\\media\\chunks/Samaa_2024-10-08_11-58-44_Document\\chunk_3.txt"
            },
            "chunk_3": {
                "filePath": "D:\\FYP-Development\\Backend\\fypbackend\\media\\chunks/Samaa_2024-10-08_11-58-44_Document\\chunk_4.txt"
            },
            "chunk_4": {
                "filePath": "D:\\FYP-Development\\Backend\\fypbackend\\media\\chunks/Samaa_2024-10-08_11-58-44_Document\\chunk_5.txt"
            },
            "chunk_5": {
                "filePath": "D:\\FYP-Development\\Backend\\fypbackend\\media\\chunks/Samaa_2024-10-08_11-58-44_Document\\chunk_6.txt"
            },
            "chunk_6": {
                "filePath": "D:\\FYP-Development\\Backend\\fypbackend\\media\\chunks/Samaa_2024-10-08_11-58-44_Document\\chunk_7.txt"
            },
            "chunk_7": {
                "filePath": "D:\\FYP-Development\\Backend\\fypbackend\\media\\chunks/Samaa_2024-10-08_11-58-44_Document\\chunk_8.txt"
            }
        }
    },
    {
        "Channel": "Samaa",
        "URL": "https://youtu.be/HEinMBCQdA0?si=8iBtH0UTfq4N5d1e",
        "Named as": "2024-10-08_12-26-43",
        "Audio Metadata": {
            "Audio File Name": "Nadeem_Malik_Live_Program_Full_Program_Supreme_Court_Big_Decision_Govt_in_Trouble_Samaa_TV",
            "Audio File Duration": "00:36:44",
            "Published Date": "2024-05-05"
        },
        "chunks": {
            "chunk_0": {
                "filePath": "D:\\FYP-Development\\Backend\\fypbackend\\media\\chunks/Samaa_2024-10-08_12-26-43_Document\\chunk_1.txt"
            },
            "chunk_1": {
                "filePath": "D:\\FYP-Development\\Backend\\fypbackend\\media\\chunks/Samaa_2024-10-08_12-26-43_Document\\chunk_2.txt"
            },
            "chunk_2": {
                "filePath": "D:\\FYP-Development\\Backend\\fypbackend\\media\\chunks/Samaa_2024-10-08_12-26-43_Document\\chunk_3.txt"
            },
            "chunk_3": {
                "filePath": "D:\\FYP-Development\\Backend\\fypbackend\\media\\chunks/Samaa_2024-10-08_12-26-43_Document\\chunk_4.txt"
            },
            "chunk_4": {
                "filePath": "D:\\FYP-Development\\Backend\\fypbackend\\media\\chunks/Samaa_2024-10-08_12-26-43_Document\\chunk_5.txt"
            },
            "chunk_5": {
                "filePath": "D:\\FYP-Development\\Backend\\fypbackend\\media\\chunks/Samaa_2024-10-08_12-26-43_Document\\chunk_6.txt"
            },
            "chunk_6": {
                "filePath": "D:\\FYP-Development\\Backend\\fypbackend\\media\\chunks/Samaa_2024-10-08_12-26-43_Document\\chunk_7.txt"
            },
            "chunk_7": {
                "filePath": "D:\\FYP-Development\\Backend\\fypbackend\\media\\chunks/Samaa_2024-10-08_12-26-43_Document\\chunk_8.txt"
            }
        }
    },
    {
        "Channel": "Samaa",
        "URL": "https://youtu.be/5-UPljNzaL8?si=1EHqYwPkNndBbToC",
        "Named as": "2024-10-08_12-27-24",
        "Audio Metadata": {
            "Audio File Name": "Nadeem_Malik_Live_Program_Full_Program_Army_Chief_Warning_Imran_Khan_In_Trouble_Samaa_TV",
            "Audio File Duration": "00:35:42",
            "Published Date": "2024-05-08"
        },
        "chunks": {
            "chunk_0": {
                "filePath": "D:\\FYP-Development\\Backend\\fypbackend\\media\\chunks/Samaa_2024-10-08_12-27-24_Document\\chunk_1.txt"
            },
            "chunk_1": {
                "filePath": "D:\\FYP-Development\\Backend\\fypbackend\\media\\chunks/Samaa_2024-10-08_12-27-24_Document\\chunk_2.txt"
            },
            "chunk_2": {
                "filePath": "D:\\FYP-Development\\Backend\\fypbackend\\media\\chunks/Samaa_2024-10-08_12-27-24_Document\\chunk_3.txt"
            },
            "chunk_3": {
                "filePath": "D:\\FYP-Development\\Backend\\fypbackend\\media\\chunks/Samaa_2024-10-08_12-27-24_Document\\chunk_4.txt"
            },
            "chunk_4": {
                "filePath": "D:\\FYP-Development\\Backend\\fypbackend\\media\\chunks/Samaa_2024-10-08_12-27-24_Document\\chunk_5.txt"
            },
            "chunk_5": {
                "filePath": "D:\\FYP-Development\\Backend\\fypbackend\\media\\chunks/Samaa_2024-10-08_12-27-24_Document\\chunk_6.txt"
            },
            "chunk_6": {
                "filePath": "D:\\FYP-Development\\Backend\\fypbackend\\media\\chunks/Samaa_2024-10-08_12-27-24_Document\\chunk_7.txt"
            },
            "chunk_7": {
                "filePath": "D:\\FYP-Development\\Backend\\fypbackend\\media\\chunks/Samaa_2024-10-08_12-27-24_Document\\chunk_8.txt"
            }
        }
    }
]